Semester,CGPA,Attendance,Internal_Marks,Assignment_Score,Quiz_Score,Study_Hours,Backlogs,Skill_Level,Performance,Risk_Level
7,5.97,55.8,83.8,72.1,36.6,3.4,4,2,63.37,Medium
4,6.43,97.0,66.5,52.9,93.7,5.6,0,3,94.49,Low
5,8.76,81.4,46.5,40.7,76.8,2.4,4,3,85.12,Low
7,6.08,66.7,46.9,54.5,88.1,3.1,4,3,66.06,Medium
3,5.35,57.0,77.7,98.6,91.5,7.4,4,1,72.66,Low
8,7.28,89.7,63.7,88.1,70.0,2.7,1,1,81.27,Low
5,9.18,81.0,51.0,97.6,66.2,4.0,0,2,100.0,Low
5,7.98,76.7,67.0,69.3,60.1,7.2,4,5,96.05,Low
7,7.35,94.7,43.5,46.6,52.2,5.8,4,5,75.18,Low
2,4.99,89.4,72.0,72.9,60.4,1.0,1,5,72.07,Low
3,7.58,57.6,54.8,67.3,84.2,1.6,0,2,89.61,Low
7,9.45,65.6,83.9,90.7,72.1,0.6,2,5,97.71,Low
3,5.2,62.4,57.1,45.9,92.5,5.2,1,5,75.4,Low
3,7.09,87.2,65.0,69.3,61.0,3.9,0,3,92.79,Low
8,8.89,51.7,40.6,49.0,72.5,1.5,4,1,76.93,Low
5,8.2,78.5,44.0,59.5,74.2,7.7,0,1,100.0,Low
4,7.99,88.1,61.6,84.2,71.4,4.5,0,3,94.28,Low
8,8.01,93.8,66.4,68.6,79.2,2.3,0,3,99.82,Low
8,6.3,67.1,73.0,62.6,46.6,4.3,2,3,75.61,Low
3,5.97,91.1,56.0,63.7,65.9,5.6,0,1,83.98,Low
6,8.55,55.5,78.2,67.6,37.3,1.1,2,5,89.59,Low
5,8.55,92.3,87.3,87.1,56.9,2.6,4,3,89.28,Low
2,8.84,56.4,82.9,93.5,64.1,6.6,2,2,100.0,Low
8,9.07,69.9,42.2,97.3,75.7,3.9,4,3,85.39,Low
4,7.06,89.9,66.4,87.2,96.5,4.6,4,4,87.45,Low
6,7.01,57.5,45.8,58.9,72.0,3.7,2,3,78.22,Low
6,8.49,61.5,53.3,81.3,82.1,0.8,1,1,91.03,Low
2,7.75,86.1,94.3,66.3,65.4,1.7,3,3,89.9,Low
8,8.01,86.0,47.8,55.3,74.4,3.8,0,4,95.61,Low
4,8.48,82.1,67.4,90.5,35.0,2.1,3,2,86.82,Low
5,8.95,84.7,74.0,42.3,47.8,0.9,0,5,94.94,Low
1,6.19,77.1,78.6,94.1,55.3,6.8,0,3,88.83,Low
4,6.38,62.6,70.8,67.7,63.1,7.9,4,4,82.03,Low
2,4.97,67.3,40.5,78.2,33.2,6.4,0,4,76.64,Low
6,7.39,59.1,58.0,79.6,39.8,6.9,0,2,89.92,Low
5,4.68,95.4,68.5,93.7,49.4,2.3,2,1,65.47,Medium
4,6.83,79.2,44.8,78.2,98.0,7.7,3,3,82.91,Low
1,7.21,70.0,59.3,76.8,53.2,2.0,2,4,83.88,Low
1,5.93,73.1,41.8,44.0,63.7,7.6,0,2,81.26,Low
3,7.45,97.4,44.3,71.1,43.7,8.0,4,5,90.84,Low
3,4.65,57.7,61.8,49.0,72.8,5.8,2,4,63.84,Medium
7,4.69,79.3,47.3,84.2,49.6,7.9,2,2,67.95,Medium
2,8.61,75.3,71.2,70.7,44.5,4.8,1,1,95.89,Low
8,6.3,80.6,77.9,80.8,66.2,2.4,0,1,85.08,Low
4,5.14,50.9,84.0,42.5,30.4,3.8,4,4,58.01,Medium
4,7.11,93.6,51.0,45.1,30.5,5.0,2,4,77.22,Low
8,8.35,96.6,49.2,83.0,45.3,1.0,2,3,89.46,Low
7,5.58,78.3,45.8,44.3,32.6,5.2,4,2,61.41,Medium
6,7.61,84.8,75.0,44.3,37.6,7.9,0,4,94.29,Low
6,4.93,96.1,78.9,40.7,53.7,1.9,1,3,72.31,Low
7,4.76,85.4,41.7,97.4,86.2,6.4,2,3,76.59,Low
6,7.16,57.6,91.5,84.3,70.0,7.3,1,4,97.39,Low
3,7.2,78.8,42.9,61.2,65.9,7.6,3,1,81.06,Low
4,7.69,80.3,69.8,57.8,50.5,7.7,0,2,98.37,Low
7,8.13,71.2,79.0,61.0,95.2,4.4,3,2,88.51,Low
4,9.38,86.8,87.9,86.5,57.8,7.8,3,1,100.0,Low
8,7.08,96.7,79.3,79.7,36.1,6.2,3,4,80.55,Low
1,6.11,96.3,84.1,51.1,73.2,1.7,0,2,84.62,Low
3,8.48,72.5,58.7,50.4,38.0,4.1,0,4,89.72,Low
5,5.85,55.7,84.8,45.9,54.2,5.9,4,4,74.61,Low
3,6.69,99.2,44.4,79.6,65.5,2.4,1,3,80.53,Low
7,4.89,91.9,89.2,85.9,91.2,5.3,1,1,79.82,Low
5,4.63,56.2,70.1,55.9,64.5,5.5,4,4,58.95,Medium
1,9.31,96.0,85.0,41.3,79.2,1.7,4,5,94.26,Low
7,8.68,93.5,64.9,44.9,99.5,4.7,3,1,97.59,Low
2,7.98,75.9,75.4,98.1,39.2,6.3,4,2,80.48,Low
4,6.54,79.6,69.0,57.7,49.2,4.2,2,3,81.91,Low
1,5.37,70.0,80.2,86.2,57.6,0.6,1,2,71.91,Low
4,5.28,52.7,44.5,77.5,59.5,0.6,4,2,49.88,High
6,5.75,66.8,43.3,62.9,58.8,3.2,2,1,62.17,Medium
2,7.25,90.1,53.6,52.3,93.5,7.4,2,2,94.51,Low
2,8.07,50.2,48.8,47.3,80.0,2.2,2,4,80.02,Low
1,7.8,66.7,87.9,76.9,72.6,5.3,2,2,89.89,Low
2,5.9,69.9,52.1,86.5,51.7,2.2,3,3,70.64,Low
5,9.27,76.9,93.7,78.6,87.7,2.9,2,3,100.0,Low
2,8.19,96.0,58.5,71.8,96.9,6.9,3,5,96.11,Low
4,7.27,67.3,50.0,42.5,87.5,6.0,3,3,81.77,Low
4,7.56,67.3,83.4,98.1,30.1,1.2,2,2,79.7,Low
7,6.6,86.9,76.2,87.9,74.5,3.7,1,3,91.41,Low
4,5.74,72.6,67.4,57.6,33.6,0.7,2,1,65.9,Medium
7,6.28,61.2,70.5,98.8,48.0,4.1,2,3,80.08,Low
4,8.29,72.6,79.6,76.1,34.2,5.5,2,4,95.59,Low
5,4.57,57.0,52.6,74.9,72.3,1.4,1,1,65.68,Medium
8,5.08,58.8,94.8,84.9,78.1,2.7,0,5,81.01,Low
7,4.73,74.9,93.6,88.7,38.0,3.5,0,4,73.01,Low
3,4.7,70.9,75.8,79.4,56.9,7.4,3,2,70.44,Low
6,8.78,95.7,51.0,47.7,61.9,7.9,3,2,100.0,Low
1,8.02,68.1,77.4,60.3,55.8,0.8,1,2,83.33,Low
4,6.87,79.0,44.0,95.7,38.5,6.2,4,4,76.23,Low
2,4.99,81.6,41.7,53.5,59.3,3.3,0,4,70.82,Low
8,6.96,50.7,54.2,62.3,82.6,3.4,3,4,76.35,Low
4,6.87,83.2,65.4,65.9,35.0,6.2,0,1,83.66,Low
2,5.37,58.9,87.8,66.4,35.6,7.4,1,1,79.32,Low
6,6.67,98.1,80.0,76.8,54.8,7.6,1,2,99.02,Low
6,6.49,57.4,80.8,96.6,95.9,4.8,4,3,81.33,Low
6,7.58,70.7,63.4,54.4,76.8,3.2,4,2,74.85,Low
2,7.68,54.3,59.0,47.3,77.5,6.4,1,5,87.47,Low
4,4.73,99.8,60.4,51.8,55.3,2.4,3,1,59.23,Medium
6,6.37,75.1,94.3,93.2,71.6,4.7,0,4,97.09,Low
5,7.63,79.8,42.2,78.7,30.7,3.2,2,1,79.89,Low
7,7.02,53.4,87.7,57.2,74.5,5.4,4,4,80.9,Low
2,8.78,87.5,71.8,89.0,93.9,2.3,2,5,99.95,Low
2,7.79,60.5,64.1,91.7,72.9,1.9,3,5,82.23,Low
4,5.31,94.9,79.9,90.8,91.2,7.4,4,1,79.45,Low
2,4.85,60.3,66.8,95.1,80.7,1.3,2,4,70.27,Low
2,7.71,59.5,88.0,55.1,38.4,4.3,3,5,80.28,Low
6,4.63,51.8,89.5,85.3,93.2,2.2,0,2,78.93,Low
4,7.43,73.6,63.2,67.6,34.7,0.8,3,2,75.0,Low
6,9.2,78.2,55.2,90.5,67.4,0.8,4,4,93.69,Low
7,7.38,53.3,72.6,83.7,39.9,1.8,1,1,76.91,Low
8,6.44,88.8,90.2,86.6,30.8,7.0,0,5,90.63,Low
7,7.72,72.7,51.6,79.4,59.5,2.6,2,1,81.39,Low
8,6.79,76.2,74.3,50.6,50.7,7.6,4,2,79.33,Low
6,7.23,72.0,74.7,72.7,64.0,4.9,1,5,97.42,Low
7,9.21,70.0,80.3,99.1,70.4,3.8,3,1,100.0,Low
4,6.43,78.0,47.2,96.2,33.1,4.9,1,3,79.44,Low
1,9.31,57.8,79.4,42.6,38.6,4.4,4,4,86.5,Low
6,9.03,59.1,90.0,49.9,69.1,6.2,4,4,99.51,Low
8,5.48,93.1,49.9,47.9,54.0,2.6,1,3,66.35,Medium
5,4.85,97.3,53.1,83.6,81.0,3.1,3,2,70.64,Low
8,5.0,68.7,93.4,89.1,75.7,7.2,1,5,84.31,Low
5,4.59,63.5,50.0,52.8,89.2,7.6,4,4,68.35,Medium
2,4.97,82.2,87.0,70.4,78.5,7.2,4,3,74.79,Low
7,7.92,70.4,67.1,90.4,60.1,3.6,2,3,89.58,Low
5,4.86,51.3,53.6,84.0,77.1,6.4,2,2,67.34,Medium
8,6.09,57.8,87.9,72.5,49.3,4.1,0,2,80.9,Low
2,8.72,85.8,64.5,75.4,51.4,4.2,4,1,88.56,Low
1,4.62,82.9,68.3,70.5,85.2,2.0,2,4,67.68,Medium
4,8.57,51.4,59.8,57.9,61.2,4.9,1,1,89.58,Low
4,5.91,61.1,72.6,73.9,85.9,1.9,3,3,70.7,Low
4,5.09,61.6,49.0,81.3,87.6,3.0,1,5,72.77,Low
5,7.98,83.6,61.5,92.4,90.0,6.9,3,5,91.65,Low
1,7.64,51.0,93.3,78.2,94.2,2.1,2,2,90.34,Low
5,8.89,55.2,54.2,85.7,60.2,1.0,0,5,94.03,Low
7,8.18,90.0,76.1,49.6,52.3,1.0,1,5,87.91,Low
5,8.52,58.9,57.9,67.7,70.8,7.6,1,5,96.4,Low
1,5.91,82.6,82.5,40.6,56.0,4.3,1,3,72.73,Low
1,5.39,61.9,47.2,54.8,72.1,3.6,3,5,61.02,Medium
7,8.25,55.0,93.3,83.6,79.4,6.6,2,5,100.0,Low
1,8.53,62.2,65.0,99.5,78.2,6.8,1,5,100.0,Low
8,9.45,86.1,53.0,46.0,56.2,3.0,1,1,93.85,Low
1,6.56,92.8,44.0,64.1,41.7,5.7,0,3,84.46,Low
4,6.36,91.5,49.3,88.0,60.1,6.3,0,2,88.53,Low
8,8.38,69.9,68.6,52.2,40.0,5.4,2,1,88.65,Low
8,6.2,83.4,58.5,73.3,92.3,1.6,2,4,77.24,Low
7,9.15,60.2,85.6,84.0,54.2,7.1,4,3,94.79,Low
3,8.79,64.7,63.7,77.0,40.8,4.5,0,3,100.0,Low
3,6.64,94.8,53.7,51.3,31.8,2.6,4,4,73.65,Low
1,8.25,50.7,73.9,61.3,75.2,3.7,3,4,83.06,Low
8,8.27,54.3,78.9,87.0,74.6,0.8,4,4,81.44,Low
3,5.02,60.4,49.2,73.3,53.8,1.5,1,2,61.68,Medium
3,9.01,51.3,49.2,40.3,35.0,6.2,4,5,82.52,Low
1,7.03,59.1,42.0,85.7,58.7,0.5,2,3,75.13,Low
3,8.63,79.2,80.5,42.1,51.8,3.6,3,5,89.01,Low
5,6.1,71.1,76.5,84.7,77.4,4.4,1,5,92.59,Low
2,8.98,94.6,66.1,52.1,72.4,0.9,4,4,91.61,Low
7,6.45,90.9,86.4,97.5,55.5,7.8,3,2,87.84,Low
2,4.55,67.1,84.3,62.1,45.3,2.2,3,1,60.33,Medium
1,9.03,63.0,72.2,59.6,99.2,2.8,1,2,100.0,Low
4,4.96,69.0,87.8,48.9,61.8,2.8,4,5,61.37,Medium
7,6.1,79.5,51.3,58.3,78.2,2.2,3,2,65.85,Medium
1,9.25,63.4,46.2,92.6,39.8,0.5,3,4,87.24,Low
8,9.25,81.2,54.8,99.8,64.0,6.0,0,1,100.0,Low
4,7.37,70.5,43.1,62.1,31.9,7.8,3,4,81.62,Low
2,7.66,77.6,69.2,66.9,65.4,2.2,0,1,84.56,Low
1,6.74,71.8,91.5,83.3,97.5,5.5,4,5,85.01,Low
8,5.97,64.7,42.2,93.2,56.9,6.1,4,1,67.53,Medium
7,6.14,97.4,46.7,75.6,32.7,6.9,4,1,69.68,Medium
7,7.86,88.2,64.9,63.5,32.2,3.7,2,1,89.61,Low
6,8.26,57.0,91.4,64.8,57.2,2.8,4,2,79.47,Low
8,8.46,93.4,57.4,81.7,41.2,2.9,3,2,88.33,Low
5,8.45,74.4,67.9,40.2,31.6,5.8,1,5,99.12,Low
3,4.96,94.7,42.3,77.2,82.9,6.6,0,1,84.26,Low
4,6.97,90.0,48.2,61.3,62.1,1.9,2,3,76.0,Low
8,4.79,71.3,94.3,87.7,50.2,3.3,4,5,68.02,Medium
6,7.25,51.1,93.1,45.6,93.0,7.3,4,1,85.34,Low
3,6.71,63.4,40.3,75.3,38.1,6.6,1,1,79.18,Low
3,8.94,77.1,92.3,68.9,96.9,7.9,1,2,100.0,Low
1,6.25,81.7,75.2,78.5,52.0,6.2,2,5,85.86,Low
3,5.09,62.9,87.7,43.9,92.2,3.4,0,1,67.19,Medium
5,5.21,57.0,65.0,74.8,72.2,4.9,4,1,65.02,Medium
7,8.31,91.7,68.4,73.7,87.9,5.5,2,5,100.0,Low
6,7.59,99.2,66.9,73.6,98.9,1.1,3,3,85.32,Low
3,5.01,76.3,76.7,76.2,50.2,4.6,3,5,75.89,Low
1,4.92,58.6,47.7,80.6,97.3,5.8,2,5,70.92,Low
5,8.0,63.6,41.6,88.3,57.3,1.8,4,3,75.65,Low
2,4.86,50.9,56.9,56.2,57.0,6.4,2,5,73.54,Low
7,8.61,95.7,78.8,89.5,53.8,4.9,4,1,89.84,Low
7,8.03,55.9,51.1,69.9,67.9,7.6,1,5,94.99,Low
6,4.91,78.8,77.0,44.6,40.8,0.8,2,3,60.1,Medium
7,4.92,63.7,93.3,43.5,68.8,2.5,4,4,64.31,Medium
3,9.43,77.7,45.2,60.1,67.9,5.0,2,5,100.0,Low
1,6.37,82.6,77.0,87.1,83.3,2.7,2,2,77.61,Low
7,6.35,91.5,64.4,82.5,88.4,5.9,4,1,76.6,Low
7,8.56,60.3,87.7,87.3,60.8,6.2,4,1,90.39,Low
2,9.24,50.5,49.7,71.0,51.2,1.3,0,2,93.12,Low
2,9.43,56.8,78.1,66.4,48.2,4.4,2,2,98.74,Low
4,8.27,95.0,86.1,48.8,43.6,4.3,3,5,93.25,Low
5,6.38,93.7,92.0,59.7,34.0,3.3,2,2,72.82,Low
3,4.92,79.9,77.6,66.0,54.0,7.5,2,4,78.51,Low
7,8.39,80.0,67.3,45.3,48.9,6.7,4,3,88.05,Low
8,7.29,83.3,74.0,53.2,97.6,5.7,2,2,94.24,Low
7,6.62,58.8,87.8,75.9,69.0,5.9,2,2,86.06,Low
1,9.03,95.7,71.4,84.1,54.3,4.0,3,4,100.0,Low
4,5.06,70.9,41.7,99.9,70.6,7.4,4,1,67.31,Medium
5,6.96,69.2,91.2,96.0,39.7,5.7,2,1,90.48,Low
8,4.56,75.9,77.9,78.6,61.1,6.0,1,5,77.73,Low
4,6.84,52.3,77.2,65.3,73.8,7.0,0,4,92.81,Low
6,4.78,58.3,51.9,78.2,64.2,2.6,3,3,66.03,Medium
5,5.09,86.9,76.2,87.1,58.1,6.6,2,3,79.84,Low
7,5.09,54.1,61.7,47.1,99.6,2.0,1,4,70.69,Low
7,7.75,80.2,75.8,64.6,91.6,3.1,2,3,87.08,Low
5,8.23,62.3,45.9,90.4,73.6,3.0,2,1,82.76,Low
7,7.42,69.5,76.2,63.0,69.9,7.8,4,3,87.19,Low
3,9.31,64.4,95.0,74.3,73.4,6.9,4,3,100.0,Low
5,6.37,67.8,42.7,75.3,44.1,5.8,4,4,68.57,Medium
4,5.93,86.0,93.7,51.1,57.7,6.0,1,4,85.47,Low
5,8.84,64.9,62.4,61.7,32.8,4.7,2,3,96.0,Low
8,5.62,78.3,87.9,60.1,63.3,7.6,0,2,88.18,Low
7,9.32,73.8,83.0,41.6,68.0,4.2,3,4,93.91,Low
3,4.56,83.2,71.2,41.5,45.9,3.4,4,5,57.43,Medium
3,9.35,96.8,80.6,89.9,97.5,1.7,4,5,99.1,Low
6,4.72,86.6,88.3,56.4,93.7,6.4,2,1,73.39,Low
4,8.96,60.7,62.2,71.1,80.6,6.0,2,3,98.05,Low
2,7.14,51.6,58.0,57.9,67.3,3.4,1,2,79.03,Low
2,9.46,63.1,76.7,96.4,90.9,0.7,1,1,98.05,Low
5,4.87,79.8,84.4,55.6,39.1,6.8,4,3,65.02,Medium
6,7.27,52.6,81.9,65.8,85.3,0.6,2,4,80.76,Low
1,9.35,74.8,83.9,92.4,38.7,5.8,0,5,100.0,Low
5,7.12,79.8,64.0,90.5,85.6,7.8,3,2,95.89,Low
6,7.65,66.7,85.0,51.2,49.3,3.8,2,5,90.99,Low
4,7.98,88.5,46.6,88.2,91.4,2.3,2,4,89.98,Low
4,6.77,55.3,69.9,67.5,96.1,5.8,1,3,88.52,Low
4,7.64,53.8,40.3,69.0,40.4,6.6,3,4,77.23,Low
4,7.42,86.4,57.9,48.0,62.4,4.6,4,4,84.29,Low
4,9.01,74.8,60.2,44.8,98.7,7.8,2,5,100.0,Low
6,4.73,84.4,61.8,83.7,63.8,0.9,4,2,57.39,Medium
6,5.9,71.7,78.3,69.8,90.4,4.3,2,4,83.76,Low
3,9.25,62.3,61.4,66.2,71.2,5.9,4,5,96.31,Low
8,8.95,91.0,64.7,83.8,56.3,7.0,3,2,94.95,Low
2,6.78,90.0,53.1,85.9,50.0,1.8,1,3,79.48,Low
7,7.6,84.7,60.5,49.5,44.2,6.5,3,3,84.26,Low
4,5.89,63.6,52.5,76.6,83.3,4.6,0,1,77.99,Low
1,5.44,79.5,44.0,48.1,57.1,3.5,1,5,69.74,Medium
7,6.82,68.0,73.2,85.1,65.8,1.5,3,2,75.59,Low
6,6.27,54.6,76.8,79.4,64.5,7.0,0,4,89.52,Low
1,7.42,95.9,74.1,97.4,70.4,1.7,2,3,89.13,Low
1,4.89,56.8,65.5,44.1,90.6,2.8,2,2,60.22,Medium
1,9.37,97.5,60.9,43.4,98.7,2.7,4,5,93.58,Low
3,9.43,72.3,87.5,56.9,58.5,7.0,1,1,100.0,Low
6,7.99,59.3,68.5,55.7,87.9,5.5,2,3,94.68,Low
1,7.18,77.1,66.4,54.8,83.5,6.5,1,2,84.19,Low
4,6.05,93.6,41.4,94.4,70.1,2.4,2,2,77.43,Low
5,8.57,86.6,58.8,55.0,96.9,5.2,4,2,94.62,Low
1,7.92,90.3,60.9,56.3,44.0,4.8,3,5,85.93,Low
3,5.31,82.9,61.9,85.6,37.6,6.7,4,5,62.31,Medium
7,9.05,84.6,71.9,67.0,89.8,7.3,0,5,100.0,Low
6,8.61,92.5,69.3,86.6,60.7,0.6,2,4,93.35,Low
8,9.25,62.5,73.4,43.9,89.3,5.6,0,2,100.0,Low
3,8.13,74.5,82.1,69.3,92.5,0.9,0,3,95.66,Low
1,7.57,61.1,84.7,42.0,34.4,4.6,1,5,92.94,Low
6,6.59,99.4,79.5,43.8,91.8,2.7,2,5,86.6,Low
5,9.16,97.2,92.6,94.4,61.4,2.8,0,2,100.0,Low
1,8.83,52.0,41.0,48.4,65.7,3.1,3,5,80.43,Low
3,4.73,85.3,50.8,71.9,73.9,5.2,0,4,74.66,Low
2,4.63,96.3,40.4,64.7,94.8,3.0,3,4,62.91,Medium
4,6.38,59.0,75.6,60.8,31.3,6.0,1,5,83.6,Low
8,8.55,78.4,89.4,94.0,63.4,3.5,0,2,100.0,Low
7,9.44,95.8,53.4,41.3,78.1,1.0,4,2,88.64,Low
3,5.25,51.7,91.0,79.8,80.6,6.4,1,2,86.02,Low
6,7.47,84.9,43.3,97.8,78.5,2.6,3,1,83.25,Low
8,6.4,64.9,91.4,73.6,39.4,3.7,1,5,83.71,Low
8,9.35,96.2,59.3,96.2,51.0,5.6,0,2,100.0,Low
8,8.71,98.6,45.6,43.1,55.1,3.0,2,4,88.92,Low
1,8.69,97.2,66.7,65.1,86.3,0.9,2,3,97.59,Low
4,6.84,73.7,54.1,55.6,49.5,3.3,3,3,70.94,Low
1,6.57,93.1,55.7,83.8,44.7,7.6,3,2,81.04,Low
6,5.87,92.2,56.9,98.9,97.0,5.3,2,3,83.54,Low
1,4.78,66.0,84.2,55.4,30.6,5.5,3,3,62.03,Medium
2,8.82,91.4,69.7,79.3,99.8,5.2,1,1,100.0,Low
4,8.56,51.9,57.1,51.9,77.4,2.0,4,4,82.57,Low
4,9.5,79.8,73.6,73.9,88.0,3.6,4,4,98.93,Low
6,9.48,61.5,79.4,67.8,50.6,6.1,1,1,100.0,Low
7,7.28,56.0,55.0,98.3,31.0,1.3,4,1,67.09,Medium
2,8.34,53.8,62.7,76.5,81.7,2.6,0,3,99.55,Low
3,9.22,84.8,46.7,61.0,88.4,2.6,1,5,98.23,Low
1,8.75,67.0,50.0,46.8,81.8,3.7,3,3,93.0,Low
5,5.74,86.2,77.5,49.1,40.0,7.9,1,1,73.94,Low
1,6.75,53.3,50.0,53.5,82.7,1.0,2,4,74.5,Low
8,5.15,65.8,68.9,55.1,83.8,4.4,3,3,68.88,Medium
1,9.27,77.0,79.0,91.0,76.1,1.8,2,5,100.0,Low
3,7.53,89.5,45.9,73.7,83.6,7.8,3,3,91.25,Low
1,5.64,65.9,71.2,71.4,89.2,1.3,4,2,68.6,Medium
2,7.86,81.3,54.1,46.9,73.0,3.5,1,3,81.85,Low
2,7.59,94.3,93.0,91.6,36.2,6.0,0,1,100.0,Low
4,6.29,80.8,66.6,83.4,64.1,5.8,3,4,73.07,Low
6,5.07,61.6,84.3,44.1,35.4,3.7,3,4,59.9,Medium
7,7.86,51.2,70.3,82.5,58.5,3.1,2,1,89.32,Low
5,7.1,93.5,42.4,72.6,58.5,3.5,4,2,72.02,Low
8,8.36,51.1,74.8,44.9,34.6,2.5,2,1,78.03,Low
1,7.1,93.7,92.3,67.5,54.4,2.0,2,3,84.51,Low
1,8.76,76.4,73.1,69.1,37.8,4.1,4,1,91.97,Low
3,7.26,97.0,85.1,49.9,86.6,2.5,0,1,86.19,Low
6,7.3,89.9,88.6,96.7,96.3,2.7,2,2,89.58,Low
2,8.88,99.9,52.5,91.0,35.1,5.4,2,3,100.0,Low
5,6.52,67.5,51.7,80.1,96.9,7.8,3,5,91.12,Low
4,5.17,88.4,73.6,67.7,66.6,5.0,4,5,69.69,Medium
2,4.64,70.1,62.6,64.7,51.0,1.1,1,4,59.38,Medium
8,8.28,74.0,86.2,79.1,35.4,1.1,0,1,98.68,Low
6,7.6,81.4,89.5,72.7,65.0,7.6,0,4,100.0,Low
8,8.02,93.7,59.4,43.7,85.6,2.7,4,2,83.44,Low
7,5.56,99.2,53.0,70.8,79.5,1.2,3,5,67.18,Medium
4,5.18,88.4,82.9,88.4,33.5,5.0,3,1,69.08,Medium
7,4.57,70.9,55.1,67.6,35.1,5.2,4,2,54.93,Medium
3,6.25,71.1,85.2,43.1,58.2,5.4,3,2,75.86,Low
8,7.45,86.9,63.3,87.2,50.7,2.5,0,1,93.23,Low
3,6.46,61.9,76.7,52.1,46.3,0.6,0,2,78.29,Low
1,6.69,55.5,45.3,55.5,49.7,7.7,1,1,76.01,Low
7,9.02,67.7,74.3,49.9,86.2,2.4,4,1,91.39,Low
6,6.24,64.4,64.8,59.8,95.0,5.6,2,3,81.66,Low
8,7.07,64.8,72.3,85.4,58.4,5.8,2,4,89.96,Low
5,8.42,61.7,49.2,71.2,93.4,5.1,1,2,100.0,Low
4,6.48,52.1,80.5,52.3,52.5,2.8,1,2,72.99,Low
2,7.61,50.9,87.5,92.7,63.4,2.5,3,3,84.74,Low
6,8.81,99.4,51.9,92.8,45.8,5.0,1,3,99.16,Low
6,9.25,71.4,45.3,92.2,74.8,7.0,1,3,100.0,Low
3,5.24,69.2,41.3,54.3,98.5,7.6,2,5,76.52,Low
7,9.13,84.0,75.3,67.1,72.2,1.3,3,5,100.0,Low
8,6.96,60.9,73.4,99.1,55.0,1.7,1,5,80.26,Low
8,5.79,97.5,70.1,86.3,75.3,7.6,1,1,86.26,Low
1,6.8,89.3,52.8,41.6,38.6,6.0,3,2,76.39,Low
1,9.4,54.5,61.5,43.9,92.2,7.1,4,4,97.1,Low
4,6.96,70.9,72.7,67.8,65.2,2.0,3,1,74.68,Low
3,6.14,94.0,67.3,94.6,61.5,4.9,2,2,77.54,Low
6,7.67,97.2,94.3,72.3,71.0,5.8,4,2,91.28,Low
8,5.7,73.4,47.5,69.9,73.7,5.6,0,3,77.85,Low
5,4.88,80.7,78.2,46.3,35.0,3.6,3,3,54.92,Medium
3,5.14,58.4,62.2,79.4,77.8,0.6,2,1,66.35,Medium
4,5.14,99.6,63.6,89.3,46.9,4.9,4,3,70.33,Low
4,5.26,61.6,79.5,62.8,80.0,2.4,3,2,65.94,Medium
3,5.19,97.1,78.1,86.5,87.6,3.9,1,3,81.7,Low
4,7.7,82.5,94.5,97.9,86.3,7.7,3,5,100.0,Low
3,5.41,80.4,47.1,52.2,68.7,3.5,0,3,73.99,Low
2,6.23,75.6,45.7,71.4,66.4,6.8,3,2,77.72,Low
3,8.98,61.5,79.8,57.2,40.0,1.9,4,1,81.66,Low
7,6.87,58.8,71.8,87.6,84.3,5.5,4,4,86.12,Low
3,7.84,61.0,55.1,74.7,49.0,7.8,3,3,88.28,Low
4,5.36,59.3,44.4,78.1,64.8,1.3,4,2,56.93,Medium
8,5.46,89.0,44.7,87.9,49.9,0.6,1,4,65.69,Medium
7,4.7,67.5,89.2,63.8,39.4,3.8,3,4,64.91,Medium
4,5.34,52.9,50.6,94.9,74.1,1.2,1,5,68.46,Medium
1,5.89,98.5,57.8,72.0,33.8,6.1,1,4,78.57,Low
1,5.39,94.2,52.5,49.5,82.4,7.4,2,2,72.87,Low
8,4.94,96.4,59.5,81.8,52.2,3.8,3,2,62.05,Medium
8,5.1,99.7,43.8,87.6,30.0,2.4,4,3,64.97,Medium
7,6.8,58.7,68.5,59.0,65.8,3.8,1,3,85.92,Low
2,5.53,69.8,43.7,91.4,33.3,5.9,2,3,76.33,Low
8,6.32,87.9,84.0,94.4,49.3,0.6,3,4,72.23,Low
1,7.02,84.8,52.9,56.6,79.5,4.9,3,4,81.73,Low
3,7.95,57.7,69.7,99.0,34.4,5.1,0,5,93.98,Low
4,4.7,90.8,88.4,48.4,88.8,5.3,0,3,77.82,Low
1,8.5,61.2,75.8,52.1,30.3,2.3,1,1,83.93,Low
1,7.64,61.2,69.3,51.1,47.3,5.9,0,5,97.4,Low
2,4.91,76.8,57.8,93.6,81.9,1.2,1,1,66.88,Medium
7,8.87,79.6,58.3,79.3,52.1,2.0,4,4,90.14,Low
7,9.1,79.0,76.8,49.1,37.1,7.1,1,5,100.0,Low
6,4.81,54.6,94.7,66.4,55.2,6.0,0,5,86.41,Low
2,5.88,93.9,76.4,76.9,48.9,0.6,4,2,61.05,Medium
3,8.53,63.3,70.7,45.0,89.0,2.4,0,4,100.0,Low
7,8.24,56.5,80.2,92.9,51.9,2.1,1,4,97.43,Low
4,5.42,94.4,65.6,88.2,85.2,2.5,2,5,74.39,Low
8,5.55,97.8,43.3,70.3,92.4,2.4,3,4,73.02,Low
2,6.35,93.1,70.9,98.0,60.4,1.0,0,5,87.74,Low
8,6.92,90.5,92.7,65.1,93.7,3.9,1,2,91.44,Low
1,7.59,82.8,49.6,99.0,56.4,6.0,4,5,83.92,Low
4,6.34,77.5,78.0,80.1,97.5,5.1,0,4,91.08,Low
4,6.81,54.3,51.1,78.1,36.3,5.5,0,4,90.6,Low
1,8.24,70.4,69.5,50.0,78.1,1.1,3,5,85.61,Low
2,4.68,68.6,45.3,92.9,64.6,7.6,1,5,77.91,Low
1,5.76,63.0,64.8,65.6,57.1,6.8,2,5,75.44,Low
8,8.07,86.2,81.6,49.7,74.3,6.5,4,3,88.16,Low
6,8.98,74.8,59.1,40.8,79.3,6.7,1,4,100.0,Low
4,7.06,54.1,76.6,73.6,30.3,7.5,4,4,75.91,Low
5,7.16,61.0,83.7,71.6,41.7,4.6,0,3,88.76,Low
5,5.04,84.2,91.0,83.2,79.9,2.0,3,5,72.76,Low
8,6.74,53.8,52.9,93.4,76.6,5.1,3,2,78.48,Low
3,7.16,92.6,62.0,44.8,97.6,6.1,2,5,90.53,Low
7,5.71,74.8,48.4,83.9,83.3,6.0,3,5,77.62,Low
1,5.85,74.0,94.6,51.2,96.6,4.4,0,3,89.0,Low
1,6.39,79.6,91.0,91.5,79.2,1.0,2,4,85.11,Low
3,4.6,91.2,69.7,89.1,50.9,3.3,1,5,69.77,Medium
3,6.11,67.4,86.3,72.4,37.4,7.4,3,4,78.68,Low
8,5.56,83.9,68.7,82.6,84.7,4.9,2,1,80.28,Low
8,6.14,78.3,74.3,58.9,75.1,4.5,0,4,88.79,Low
3,5.1,63.4,44.9,68.3,33.4,2.5,4,2,48.58,High
4,8.95,93.9,81.5,89.3,55.2,3.3,4,2,94.72,Low
8,7.47,89.9,47.0,67.6,97.0,7.2,0,5,94.66,Low
6,7.9,82.9,85.4,61.5,65.0,5.5,0,4,100.0,Low
8,8.45,92.5,83.0,69.7,60.3,6.4,4,5,100.0,Low
1,6.99,93.4,79.0,89.7,62.0,3.9,2,3,85.3,Low
8,4.93,85.4,42.0,60.1,44.6,5.2,4,2,55.12,Medium
4,7.19,91.9,56.7,50.4,55.8,2.4,0,5,89.54,Low
3,7.43,84.9,54.5,82.7,55.9,5.8,3,3,80.61,Low
1,8.23,84.0,59.8,89.6,33.7,3.7,1,5,92.96,Low
8,6.66,80.9,44.8,46.0,83.7,3.8,3,4,76.89,Low
4,5.14,87.6,91.5,54.4,59.2,5.4,3,4,71.02,Low
6,5.92,57.9,70.5,48.5,87.6,7.5,0,4,85.96,Low
8,6.32,94.0,56.8,60.9,89.5,1.0,4,4,72.93,Low
4,7.73,93.6,61.8,67.0,44.8,6.7,2,1,90.23,Low
6,7.35,51.5,64.6,84.9,76.0,2.7,3,3,81.23,Low
3,6.28,91.3,73.0,79.1,63.1,3.8,4,3,73.94,Low
8,9.43,56.4,68.4,77.3,91.6,0.7,2,4,98.96,Low
6,7.53,66.8,90.6,61.1,45.1,2.8,3,1,79.43,Low
1,5.69,87.2,67.3,90.5,77.4,4.3,2,4,81.26,Low
3,5.01,58.0,94.6,68.3,72.5,0.9,4,1,58.0,Medium
1,5.26,90.9,86.8,98.7,50.7,4.2,1,4,80.62,Low
5,5.73,91.6,51.5,78.0,39.6,7.5,4,2,67.04,Medium
2,5.3,75.4,91.2,47.6,75.6,1.3,0,2,74.48,Low
8,5.43,50.3,46.4,80.6,81.7,6.2,2,5,72.1,Low
6,5.93,64.4,85.0,59.5,52.1,3.6,1,4,74.92,Low
2,5.37,80.8,60.9,81.2,75.1,5.4,2,3,76.31,Low
2,8.98,99.1,88.3,44.2,57.7,2.5,2,5,99.59,Low
6,4.9,81.6,87.7,50.5,79.9,1.7,3,2,66.55,Medium
3,7.12,63.0,84.3,91.3,43.9,1.7,0,4,87.56,Low
8,6.55,81.7,83.5,53.6,92.3,1.0,2,5,82.86,Low
5,9.41,77.0,56.8,90.2,50.1,1.9,4,4,92.62,Low
1,5.06,89.0,44.5,56.8,55.7,5.5,4,2,61.83,Medium
4,6.49,55.3,62.2,78.6,34.1,7.1,3,5,75.73,Low
1,9.35,88.1,49.5,81.6,37.8,6.6,0,2,100.0,Low
4,8.83,77.1,78.2,70.8,66.1,5.6,0,1,100.0,Low
1,8.59,98.1,59.0,58.3,48.7,1.3,4,2,81.46,Low
6,5.79,67.1,93.7,52.8,88.5,2.7,1,4,74.22,Low
5,5.35,81.6,75.3,42.0,31.0,2.8,3,3,62.89,Medium
8,7.84,96.6,85.2,58.2,56.5,2.4,3,2,92.03,Low
4,9.15,55.1,47.3,79.2,53.6,4.4,4,3,86.45,Low
8,7.28,96.9,87.4,96.3,31.4,4.5,4,1,80.1,Low
8,7.36,84.4,90.8,92.3,38.7,3.2,1,5,94.6,Low
8,5.9,53.4,66.8,86.0,59.0,3.2,1,5,78.9,Low
7,8.35,65.0,73.3,87.3,64.5,6.7,0,3,100.0,Low
3,5.44,85.4,82.1,79.9,58.3,6.4,3,5,74.58,Low
1,6.12,53.4,49.6,55.6,67.2,2.8,3,2,67.29,Medium
8,6.63,79.1,67.6,94.4,71.7,7.4,4,3,84.94,Low
1,7.04,67.3,61.9,80.2,30.7,7.6,0,4,91.36,Low
8,5.71,81.0,48.1,73.6,62.5,3.0,3,2,67.41,Medium
4,5.07,52.3,60.2,46.7,97.4,3.2,0,2,74.05,Low
3,7.55,93.6,43.7,66.8,66.3,4.3,0,2,93.14,Low
3,5.94,98.7,41.4,67.6,77.4,7.6,4,4,72.13,Low
6,7.41,98.4,47.4,91.9,51.8,7.1,0,1,97.3,Low
7,5.27,87.5,93.0,72.8,84.2,1.3,1,5,79.05,Low
6,6.91,56.5,70.2,62.8,84.1,3.4,1,3,84.56,Low
6,7.16,87.9,93.1,98.6,66.5,4.7,2,1,91.65,Low
6,4.76,51.2,63.8,46.6,98.3,4.3,4,3,59.5,Medium
6,6.18,51.1,57.1,65.4,38.8,2.0,2,5,72.93,Low
6,5.17,66.2,67.8,42.5,31.2,6.9,1,4,71.45,Low
5,4.82,74.4,64.2,84.4,83.9,5.6,2,2,68.68,Medium
3,9.45,88.5,45.8,95.1,86.5,6.8,4,2,99.05,Low
6,6.11,84.2,75.2,56.8,38.4,6.9,4,4,74.88,Low
8,8.55,72.3,51.9,91.5,48.6,6.1,0,1,100.0,Low
3,5.77,63.7,74.1,57.5,31.2,3.8,3,1,66.25,Medium
3,7.91,99.9,75.8,94.6,50.5,5.1,0,3,99.34,Low
2,8.3,71.3,48.4,85.2,84.1,1.7,4,4,91.43,Low
5,7.48,72.6,43.4,88.3,66.3,5.6,1,1,88.78,Low
6,6.86,58.2,82.9,41.1,54.4,1.8,1,4,83.35,Low
1,6.56,89.7,65.3,97.8,56.0,5.7,0,5,93.16,Low
4,6.24,84.7,43.2,83.6,30.1,2.2,4,2,64.9,Medium
7,9.15,61.0,94.7,58.3,51.0,1.4,1,2,98.9,Low
8,8.65,54.1,43.2,89.8,75.3,1.7,4,2,85.15,Low
1,9.33,84.0,78.2,56.9,98.2,0.5,1,4,100.0,Low
5,5.12,82.7,94.1,92.4,89.3,5.9,4,4,79.86,Low
4,8.15,63.7,53.2,46.8,31.7,6.0,2,3,84.3,Low
5,9.19,97.5,47.8,82.2,92.9,4.4,4,2,93.64,Low
8,5.41,57.6,46.7,72.4,84.8,1.7,4,3,60.9,Medium
3,4.83,71.6,56.7,45.8,84.6,1.1,0,2,68.96,Medium
4,8.21,97.2,45.6,54.5,62.1,0.6,2,3,82.92,Low
3,7.37,71.0,78.1,40.7,57.9,1.7,3,3,80.01,Low
8,8.71,81.9,43.4,68.1,51.2,7.2,0,5,100.0,Low
1,5.2,69.9,68.0,58.1,34.6,2.3,3,3,57.56,Medium
8,8.48,63.7,94.8,75.9,46.0,3.2,1,4,95.43,Low
1,5.51,99.2,84.8,57.8,47.3,1.3,3,3,67.25,Medium
4,5.32,70.5,73.8,58.0,63.9,2.2,4,2,61.77,Medium
4,5.32,94.7,56.8,84.6,82.3,4.4,3,3,70.95,Low
6,8.57,61.5,74.3,42.9,63.2,5.1,0,1,100.0,Low
5,7.83,60.7,69.0,94.2,34.0,2.3,0,2,90.77,Low
6,7.12,51.6,63.4,91.1,97.0,0.9,3,1,76.79,Low
5,6.29,82.6,47.2,80.1,96.0,3.4,0,2,79.77,Low
6,8.89,68.4,88.8,75.6,85.0,2.3,0,4,100.0,Low
3,6.46,93.2,64.7,93.5,99.4,2.1,3,4,82.53,Low
4,8.58,73.7,50.7,51.1,68.1,7.7,2,4,90.11,Low
1,6.7,98.4,60.2,44.7,97.4,5.1,2,1,85.67,Low
5,6.38,59.3,62.8,54.4,35.3,4.7,1,5,77.56,Low
8,6.81,93.4,85.5,87.7,55.6,3.6,0,2,100.0,Low
5,6.01,88.8,80.3,42.1,45.8,3.7,3,4,79.26,Low
1,8.24,88.5,82.3,75.0,43.7,4.6,0,2,99.1,Low
6,7.01,92.2,40.6,99.7,39.9,5.7,4,1,75.57,Low
5,5.66,88.1,62.9,91.3,73.6,5.8,0,5,91.04,Low
7,9.0,81.3,66.5,71.3,84.7,1.8,0,1,100.0,Low
3,6.42,56.6,41.1,43.8,70.5,4.3,2,2,65.73,Medium
4,7.22,51.6,54.3,89.9,40.3,3.6,3,5,72.91,Low
1,9.03,96.0,81.8,75.9,86.8,7.0,0,5,100.0,Low
4,7.62,80.8,47.5,46.9,74.5,5.2,2,1,85.23,Low
